<AppLockerPolicy Version="1">
  <RuleCollection Type="Appx" EnforcementMode="NotConfigured" />
  <RuleCollection Type="Dll" EnforcementMode="NotConfigured" />
  <RuleCollection Type="Exe" EnforcementMode="NotConfigured">
    <FilePublisherRule Id="1a8558f5-2676-46a2-946e-f949f02c7dbd" Name="Microsoft Signed" Description="" UserOrGroupSid="S-1-1-0" Action="Allow">
      <Conditions>
        <FilePublisherCondition PublisherName="O=MICROSOFT CORPORATION, L=REDMOND, S=WASHINGTON, C=US" ProductName="*" BinaryName="*">
          <BinaryVersionRange LowSection="*" HighSection="*" />
        </FilePublisherCondition>
      </Conditions>
    </FilePublisherRule>
    <FilePathRule Id="b45e4a42-157f-498c-b703-541716dc6ca7" Name="NotePad++" Description="" UserOrGroupSid="S-1-5-21-546076228-2120734343-3529941532-4642" Action="Allow">
      <Conditions>
        <FilePathCondition Path="%PROGRAMFILES%\Notepad++\notepad++.exe" />
      </Conditions>
    </FilePathRule>
    <FileHashRule Id="ae992f6f-578f-4d2e-bb56-f320b0fd868b" Name="iexplore.exe" Description="" UserOrGroupSid="S-1-5-21-546076228-2120734343-3529941532-4632" Action="Allow">
      <Conditions>
        <FileHashCondition>
          <FileHash Type="SHA256" Data="0x5D228F3DA218CFC685FA952C20DB78F89B1123AEF9BC3418811186E0B77B1068" SourceFileName="iexplore.exe" SourceFileLength="817816" />
        </FileHashCondition>
      </Conditions>
    </FileHashRule>
    <FilePublisherRule Id="41c1ad50-58c8-4f94-a922-ab2b06476ec5" Name="PUTTY, version 0.73.0.0 and above" Description="" UserOrGroupSid="S-1-1-0" Action="Allow">
      <Conditions>
        <FilePublisherCondition PublisherName="O=SIMON TATHAM, L=CAMBRIDGE, S=CAMBRIDGESHIRE, C=GB" ProductName="PUTTY SUITE" BinaryName="PUTTY">
          <BinaryVersionRange LowSection="0.73.0.0" HighSection="*" />
        </FilePublisherCondition>
      </Conditions>
    </FilePublisherRule>
  </RuleCollection>
  <RuleCollection Type="Msi" EnforcementMode="NotConfigured" />
  <RuleCollection Type="Script" EnforcementMode="NotConfigured" />
</AppLockerPolicy>