SetID,ObjectType,Description,DisplayName,Filename,Hash-SHA256,Location,SubfoldersIncluded,ChildProcessesIncluded,Publisher,ComparePublisherAs,Version,LocalDiskOnly,Hash-SHA1,AppLockerAction,GroupName,AppLockerTarget
,exe,,Microsoft Signed,,,,,,MICROSOFT CORPORATION,2,,,,Allow,,S-1-1-0
,exe,,PUTTY version 0.73.0.0 and above,PUTTY,,,,,SIMON TATHAM,2,,,,Allow,,S-1-1-0
,exe,,NotePad++,notepad++.exe,,C:\Program Files (x86)\Notepad++,False,,,,,,,Allow,,S-1-5-21-546076228-2120734343-3529941532-4642
,exe,,iexplore.exe,,0x5D228F3DA218CFC685FA952C20DB78F89B1123AEF9BC3418811186E0B77B1068,,False,,,,,,,Allow,,S-1-5-21-546076228-2120734343-3529941532-4632
