{
	"info": {
		"_postman_id": "53396b5c-6635-4fc2-85d3-71a3f1f6bee9",
		"name": "EPM ",
		"schema": "https://schema.getpostman.com/json/collection/v2.1.0/collection.json"
	},
	"item": [
		{
			"name": "Auth",
			"event": [
				{
					"listen": "test",
					"script": {
						"id": "1da7fb1b-23c1-4705-a374-09699c863bcd",
						"exec": [
							"var jsonData = JSON.parse(responseBody);",
							"postman.setEnvironmentVariable(\"token\", \"basic \" + jsonData.EPMAuthenticationResult);"
						],
						"type": "text/javascript"
					}
				}
			],
			"request": {
				"method": "POST",
				"header": [],
				"body": {
					"mode": "raw",
					"raw": "{\n    \"Username\": \"\",\n    \"Password\": \"\",\n    \"ApplicationID\": \"NicholaiAPITest\"\n}",
					"options": {
						"raw": {
							"language": "json"
						}
					}
				},
				"url": {
					"raw": "https://au.epm.cyberark.com/EPM/API/Auth/EPM/Logon",
					"protocol": "https",
					"host": [
						"au",
						"epm",
						"cyberark",
						"com"
					],
					"path": [
						"EPM",
						"API",
						"Auth",
						"EPM",
						"Logon"
					]
				}
			},
			"response": []
		},
		{
			"name": "Update Application Group",
			"request": {
				"method": "PUT",
				"header": [
					{
						"key": "Authorization",
						"value": "{{token}}",
						"type": "text"
					}
				],
				"body": {
					"mode": "raw",
					"raw": "{\n    \"Name\": \"DLL Test Updated\",\n    \"PolicyType\": 14,\n    \"Applications\": [\n        {\n            \"applicationType\": 3,\n            \"displayName\": \"Chrome\",\n            \"description\": \"Chrome Blocker\",\n            \"patterns\": {\n                \"FILE_NAME\": {\n                    \"@type\": \"FileName\",\n                    \"content\": \"chrome.exe\",\n                    \"compareAs\": 0,\n                    \"caseSensitive\": false,\n                    \"hashAlgorithm\": \"\",\n                    \"hashSHA256\": \"\"\n\n                },\n                \"LOCATION\": {\n                    \"@type\": \"Location\",\n                    \"content\": \"test\",\n                    \"withSubfolders\": false\n                },\n                \"LOCATION_TYPE\": {\n                    \"@type\": \"LocationType\",\n                    \"locationType\": \"FIXED\"\n                },\n                \"PUBLISHER\":{\n                    \"@type\":\"Publisher\",\n                    \"signatureLevel\":2,\n                    \"separator\":\";\",\n                    \"caseSensitive\":false,\n                    \"compareAs\":1,\n                    \"isEmpty\":false,\n                    \"content\":\"Adobe\"\n                },\n                \"FILE_VERSION\": {\n                    \"@type\": \"VersionRange\",\n                    \"minVersion\": \"\",\n                    \"isEmpty\":true\n                },\n                \"PRODUCT_VERSION\": {\n                    \"@type\": \"VersionRange\"\n                },\n                \"FILE_ORIGIN\": {\n                    \"@type\": \"FileOrigin\"\n                },\n                \"PARENT_PROCESS\": {\n                    \"@type\": \"ParentProcess\"\n                },\n                \"SERVICE_NAME\": {\n                    \"@type\": \"Text\",\n                    \"content\": \"\"\n                }\n            },\n            \"applicationGroupId\": \"00000000-0000-0000-0000-000000000000\",\n            \"internalApplicationGroupId\": 0,\n            \"includeInMatching\": true,\n            \"accountId\": \"00000000-0000-0000-0000-000000000000\",\n            \"childProcess\": true,\n            \"restrictOpenSaveFileDialog\": true,\n            \"securityTokenId\": \"00000000-0000-0000-0000-000000000000\",\n            \"protectInstalledFiles\": false\n        }\n    ]\n}",
					"options": {
						"raw": {
							"language": "json"
						}
					}
				},
				"url": {
					"raw": "https://au126.epm.cyberark.com/EPM/API/Sets/{{set-id}}/Policies/ApplicationGroups/{{appGroup-id}}",
					"protocol": "https",
					"host": [
						"au126",
						"epm",
						"cyberark",
						"com"
					],
					"path": [
						"EPM",
						"API",
						"Sets",
						"{{set-id}}",
						"Policies",
						"ApplicationGroups",
						"{{appGroup-id}}"
					]
				}
			},
			"response": []
		},
		{
			"name": "Get App Group Details",
			"request": {
				"method": "GET",
				"header": [
					{
						"key": "Authorization",
						"value": "{{token}}",
						"type": "text"
					}
				],
				"url": {
					"raw": "https://au126.epm.cyberark.com/EPM/API/Sets/{{set-id}}/Policies/ApplicationGroups/{{appGroup-id}}",
					"protocol": "https",
					"host": [
						"au126",
						"epm",
						"cyberark",
						"com"
					],
					"path": [
						"EPM",
						"API",
						"Sets",
						"{{set-id}}",
						"Policies",
						"ApplicationGroups",
						"{{appGroup-id}}"
					]
				}
			},
			"response": []
		},
		{
			"name": "Create AppGroup",
			"request": {
				"method": "POST",
				"header": [
					{
						"key": "Authorization",
						"value": "{{token}}",
						"type": "text"
					}
				],
				"body": {
					"mode": "raw",
					"raw": "{\n    \"Name\": \"Descriptor Decimator of Worlds\",\n    \"Description\": \"BootsAndCatsAndBootsAndCats\",\n    \"PolicyType\": 14,\n    \"Applications\": [\n        {\n            \"applicationType\": 3,\n            \"displayName\": \"Test Application\",\n            \"description\": \"BootsAndCatsAndBootsAndCats\",\n            \"patterns\": {\n                \"FILE_NAME\": {\n                    \"@type\": \"FileName\",\n                    \"content\": \"test.exe\",\n                    \"compareAs\": 0,\n                    \"caseSensitive\": false,\n                    \"hashAlgorithm\": \"\",\n                    \"hashSHA256\": \"\"\n                },\n                \"LOCATION\": {\n                    \"@type\": \"Location\",\n                    \"content\": \"/test\",\n                    \"withSubfolders\": true\n                },\n                \"LOCATION_TYPE\": {\n                    \"@type\": \"LocationType\",\n                    \"locationType\": \"FIXED\"\n                },\n                \"PUBLISHER\": {\n                    \"@type\": \"Publisher\",\n                    \"signatureLevel\": 2,\n                    \"separator\": \";\",\n                    \"caseSensitive\": false,\n                    \"compareAs\": 1,\n                    \"isEmpty\": false,\n                    \"content\": \"ACME\"\n                },\n                \"FILE_VERSION\": {\n                    \"@type\": \"VersionRange\",\n                    \"minVersion\": \"\",\n                    \"isEmpty\": true\n                },\n                \"PRODUCT_VERSION\": {\n                    \"@type\": \"VersionRange\"\n                },\n                \"FILE_ORIGIN\": {\n                    \"@type\": \"FileOrigin\"\n                },\n                \"PARENT_PROCESS\": {\n                    \"@type\": \"ParentProcess\"\n                },\n                \"SERVICE_NAME\": {\n                    \"@type\": \"Text\",\n                    \"content\": \"vf_agent\"\n                }\n            },\n            \"applicationGroupId\": \"00000000-0000-0000-0000-000000000000\",\n            \"internalApplicationGroupId\": 0,\n            \"includeInMatching\": true,\n            \"accountId\": \"00000000-0000-0000-0000-000000000000\",\n            \"childProcess\": true,\n            \"restrictOpenSaveFileDialog\": true,\n            \"securityTokenId\": \"00000000-0000-0000-0000-000000000000\",\n            \"protectInstalledFiles\": false,\n            \"PolicyType\": 43,\n            \"Name\": \"Block Application Group 9\"\n        },\n        {\n            \"applicationType\": 3,\n            \"displayName\": \"Test Application 2\",\n            \"description\": \"Application for Testing 2\",\n            \"patterns\": {\n                \"FILE_NAME\": {\n                    \"@type\": \"FileName\",\n                    \"content\": \"test2.exe\",\n                    \"compareAs\": 0,\n                    \"caseSensitive\": false,\n                    \"hashAlgorithm\": \"\",\n                    \"hashSHA256\": \"\"\n                },\n                \"LOCATION\": {\n                    \"@type\": \"Location\",\n                    \"content\": \"/test2\",\n                    \"withSubfolders\": true\n                },\n                \"LOCATION_TYPE\": {\n                    \"@type\": \"LocationType\",\n                    \"locationType\": \"FIXED\"\n                },\n                \"PUBLISHER\": {\n                    \"@type\": \"Publisher\",\n                    \"signatureLevel\": 2,\n                    \"separator\": \";\",\n                    \"caseSensitive\": false,\n                    \"compareAs\": 1,\n                    \"isEmpty\": false,\n                    \"content\": \"ACME\"\n                },\n                \"FILE_VERSION\": {\n                    \"@type\": \"VersionRange\",\n                    \"minVersion\": \"\",\n                    \"isEmpty\": true\n                },\n                \"PRODUCT_VERSION\": {\n                    \"@type\": \"VersionRange\"\n                },\n                \"FILE_ORIGIN\": {\n                    \"@type\": \"FileOrigin\"\n                },\n                \"PARENT_PROCESS\": {\n                    \"@type\": \"ParentProcess\"\n                },\n                \"SERVICE_NAME\": {\n                    \"@type\": \"Text\",\n                    \"content\": \"vf_agent\"\n                }\n            },\n            \"applicationGroupId\": \"00000000-0000-0000-0000-000000000000\",\n            \"internalApplicationGroupId\": 0,\n            \"includeInMatching\": true,\n            \"accountId\": \"00000000-0000-0000-0000-000000000000\",\n            \"childProcess\": true,\n            \"restrictOpenSaveFileDialog\": true,\n            \"securityTokenId\": \"00000000-0000-0000-0000-000000000000\",\n            \"protectInstalledFiles\": false,\n            \"PolicyType\": 43,\n            \"Name\": \"Block Application Group 9\"\n        },\n        {\n            \"applicationType\": 3,\n            \"displayName\": \"Cat App\",\n            \"description\": \"Application for Testing 3\",\n            \"patterns\": {\n                \"FILE_NAME\": {\n                    \"@type\": \"FileName\",\n                    \"content\": \"\",\n                    \"compareAs\": 0,\n                    \"caseSensitive\": false,\n                    \"hashAlgorithm\": \"SHA1\",\n                    \"hashSHA256\": \"9f86d081884c7d659a2feaa0c55ad015a3bf4f1b2b0b822cd15d6c15b0f00a08\",\n                    \"isEmpty\": true,\n                    \"hash\": \"a94a8fe5ccb19ba61c4c0873d391e987982fbbd3\"\n                },\n                \"LOCATION\": {\n                    \"@type\": \"Location\",\n                    \"content\": \"/cat\",\n                    \"withSubfolders\": false\n                },\n                \"LOCATION_TYPE\": {\n                    \"@type\": \"LocationType\",\n                    \"locationType\": \"\"\n                },\n                \"PUBLISHER\": {\n                    \"@type\": \"Publisher\",\n                    \"signatureLevel\": 0,\n                    \"separator\": \";\",\n                    \"caseSensitive\": false,\n                    \"compareAs\": 1,\n                    \"isEmpty\": true,\n                    \"content\": \"\"\n                },\n                \"FILE_VERSION\": {\n                    \"@type\": \"VersionRange\",\n                    \"minVersion\": \"\",\n                    \"isEmpty\": true\n                },\n                \"PRODUCT_VERSION\": {\n                    \"@type\": \"VersionRange\"\n                },\n                \"FILE_ORIGIN\": {\n                    \"@type\": \"FileOrigin\"\n                },\n                \"PARENT_PROCESS\": {\n                    \"@type\": \"ParentProcess\"\n                },\n                \"SERVICE_NAME\": {\n                    \"@type\": \"Text\",\n                    \"content\": \"vf_agent\"\n                }\n            },\n            \"applicationGroupId\": \"00000000-0000-0000-0000-000000000000\",\n            \"internalApplicationGroupId\": 0,\n            \"includeInMatching\": true,\n            \"accountId\": \"00000000-0000-0000-0000-000000000000\",\n            \"childProcess\": false,\n            \"restrictOpenSaveFileDialog\": true,\n            \"securityTokenId\": \"00000000-0000-0000-0000-000000000000\",\n            \"protectInstalledFiles\": false,\n            \"PolicyType\": 43,\n            \"Name\": \"Block Application Group 9\"\n        }\n    ]\n}",
					"options": {
						"raw": {
							"language": "json"
						}
					}
				},
				"url": {
					"raw": "https://au126.epm.cyberark.com/EPM/API/Sets/{{set-id}}/Policies/ApplicationGroups",
					"protocol": "https",
					"host": [
						"au126",
						"epm",
						"cyberark",
						"com"
					],
					"path": [
						"EPM",
						"API",
						"Sets",
						"{{set-id}}",
						"Policies",
						"ApplicationGroups"
					]
				}
			},
			"response": []
		},
		{
			"name": "Create AppGroup Multiple App",
			"request": {
				"method": "POST",
				"header": [
					{
						"key": "Authorization",
						"type": "text",
						"value": "{{token}}"
					}
				],
				"body": {
					"mode": "raw",
					"raw": "{\n    \"Name\": \"TestApplicationGroup\",\n    \"PolicyType\": 14,\n    \"Applications\": [\n        {\n            \"applicationType\": 3,\n            \"displayName\": \"Chrome\",\n            \"description\": \"Chrome Blocker\",\n            \"patterns\": {\n                \"FILE_NAME\": {\n                    \"@type\": \"FileName\",\n                    \"content\": \"chrome.exe\",\n                    \"compareAs\": 0,\n                    \"caseSensitive\": false\n                },\n                \"ARGUMENTS\": {\n                    \"@type\": \"Text\",\n                    \"content\": \"test\"\n                },\n                \"LOCATION\": {\n                    \"@type\": \"Location\",\n                    \"content\": \"test\"\n                },\n                \"LOCATION_TYPE\": {\n                    \"@type\": \"LocationType\",\n                    \"locationType\": \"FIXED\"\n                },\n                \"PUBLISHER\": {\n                    \"@type\": \"Publisher\"\n                },\n                \"FILE_VERSION\": {\n                    \"@type\": \"VersionRange\"\n                },\n                \"PRODUCT_VERSION\": {\n                    \"@type\": \"VersionRange\"\n                },\n                \"FILE_ORIGIN\": {\n                    \"@type\": \"FileOrigin\"\n                },\n                \"PARENT_PROCESS\": {\n                    \"@type\": \"ParentProcess\"\n                },\n                \"SERVICE_NAME\": {\n                    \"@type\": \"Text\",\n                    \"content\": \"vf_agent\"\n                }\n            },\n            \"applicationGroupId\": \"00000000-0000-0000-0000-000000000000\",\n            \"internalApplicationGroupId\": 0,\n            \"includeInMatching\": true,\n            \"accountId\": \"00000000-0000-0000-0000-000000000000\",\n            \"childProcess\": true,\n            \"restrictOpenSaveFileDialog\": true,\n            \"securityTokenId\": \"00000000-0000-0000-0000-000000000000\",\n            \"protectInstalledFiles\": false,\n            \"PolicyType\": 43,\n            \"Name\": \"Block Application Group 9\"\n        },\n        {\n            \"applicationType\": 3,\n            \"displayName\": \"Cat\",\n            \"description\": \"Cat Blocker\",\n            \"patterns\": {\n                \"FILE_NAME\": {\n                    \"@type\": \"FileName\",\n                    \"content\": \"cat.exe\",\n                    \"compareAs\": 0,\n                    \"caseSensitive\": false\n                },\n                \"ARGUMENTS\": {\n                    \"@type\": \"Text\",\n                    \"content\": \"test\"\n                },\n                \"LOCATION\": {\n                    \"@type\": \"Location\",\n                    \"content\": \"test\"\n                },\n                \"LOCATION_TYPE\": {\n                    \"@type\": \"LocationType\",\n                    \"locationType\": \"FIXED\"\n                },\n                \"PUBLISHER\": {\n                    \"@type\": \"Publisher\"\n                },\n                \"FILE_VERSION\": {\n                    \"@type\": \"VersionRange\"\n                },\n                \"PRODUCT_VERSION\": {\n                    \"@type\": \"VersionRange\"\n                },\n                \"FILE_ORIGIN\": {\n                    \"@type\": \"FileOrigin\"\n                },\n                \"PARENT_PROCESS\": {\n                    \"@type\": \"ParentProcess\"\n                },\n                \"SERVICE_NAME\": {\n                    \"@type\": \"Text\",\n                    \"content\": \"vf_agent\"\n                }\n            },\n            \"applicationGroupId\": \"00000000-0000-0000-0000-000000000000\",\n            \"internalApplicationGroupId\": 0,\n            \"includeInMatching\": true,\n            \"accountId\": \"00000000-0000-0000-0000-000000000000\",\n            \"childProcess\": true,\n            \"restrictOpenSaveFileDialog\": true,\n            \"securityTokenId\": \"00000000-0000-0000-0000-000000000000\",\n            \"protectInstalledFiles\": false,\n            \"PolicyType\": 43,\n            \"Name\": \"Block Application Group 9\"\n        }\n    ]\n}",
					"options": {
						"raw": {
							"language": "json"
						}
					}
				},
				"url": {
					"raw": "https://au126.epm.cyberark.com/EPM/API/Sets/{{set-id}}/Policies/ApplicationGroups",
					"protocol": "https",
					"host": [
						"au126",
						"epm",
						"cyberark",
						"com"
					],
					"path": [
						"EPM",
						"API",
						"Sets",
						"{{set-id}}",
						"Policies",
						"ApplicationGroups"
					]
				}
			},
			"response": []
		},
		{
			"name": "Get Policies",
			"request": {
				"method": "GET",
				"header": [
					{
						"key": "Authorization",
						"value": "{{token}}",
						"type": "text"
					}
				],
				"url": {
					"raw": "https://au126.epm.cyberark.com/EPM/API/Sets/{{set-id}}/Policies",
					"protocol": "https",
					"host": [
						"au126",
						"epm",
						"cyberark",
						"com"
					],
					"path": [
						"EPM",
						"API",
						"Sets",
						"{{set-id}}",
						"Policies"
					]
				}
			},
			"response": []
		},
		{
			"name": "Get Policy Details",
			"request": {
				"method": "GET",
				"header": [
					{
						"key": "Authorization",
						"value": "{{token}}",
						"type": "text"
					}
				],
				"url": {
					"raw": "https://au126.epm.cyberark.com/EPM/API/Sets/{{set-id}}/Policies/{{policy-id}}",
					"protocol": "https",
					"host": [
						"au126",
						"epm",
						"cyberark",
						"com"
					],
					"path": [
						"EPM",
						"API",
						"Sets",
						"{{set-id}}",
						"Policies",
						"{{policy-id}}"
					]
				}
			},
			"response": []
		},
		{
			"name": "Get Application Groups",
			"request": {
				"method": "POST",
				"header": [
					{
						"key": "Authorization",
						"value": "{{token}}",
						"type": "text"
					}
				],
				"url": {
					"raw": "https://au126.epm.cyberark.com/EPM/API/Sets/{{set-id}}/Policies/ApplicationGroups/Search?limit=50&offset=0&sortBy=Updated&sortDir=asc",
					"protocol": "https",
					"host": [
						"au126",
						"epm",
						"cyberark",
						"com"
					],
					"path": [
						"EPM",
						"API",
						"Sets",
						"{{set-id}}",
						"Policies",
						"ApplicationGroups",
						"Search"
					],
					"query": [
						{
							"key": "limit",
							"value": "50"
						},
						{
							"key": "offset",
							"value": "0"
						},
						{
							"key": "sortBy",
							"value": "Updated"
						},
						{
							"key": "sortDir",
							"value": "asc"
						}
					]
				}
			},
			"response": []
		}
	],
	"protocolProfileBehavior": {}
}